Get customers,20230524
Get customers,20230524
Get customers,20230526
Get accounts,20230526
Get accounts,20230526
Get accounts,20230526
Get accounts,20230526
Money transfer,20230526
Get accounts,20230526
Get accounts,20230526
Money transfer,20230526
Get accounts,20230526
Get accounts,20230526
Statement create,20230526
Get statements,20230526
Get accounts,20230526
Get accounts,20230526
Get accounts,20230526
Get accounts,20230526
Get accounts,20230526
Get accounts,20230526
Get accounts,20230526
Get accounts,20230526
Get accounts,20230526
Get accounts,20230526
Get accounts,20230526
Get accounts,20230526
Get accounts,20230526
Get accounts,20230526
Get accounts,20230526
Get accounts,20230526
Get accounts,20230526
Get accounts,20230526
Get accounts,20230526
Get accounts,20230526
Get accounts,20230526
Get accounts,20230526
Get accounts,20230526
Get accounts,20230526
Get accounts,20230526
Get accounts,20230526
Get accounts,20230526
Get accounts,20230526
Get accounts,20230526
Get accounts,20230526
Get accounts,20230526
Money transfer,20230526
Get accounts,20230526
Statement create,20230526
Get statements,20230526
